first_name,last_name,transmit_time,num_transactions
Jane,Doe,2022-02-01,1
John,Doe,2022-02-01,1
Bob,Doe,2022-02-01,1
Bill,Davis,2022-02-02,2
John,Doe,2022-02-02,1
Amy,Smith,2022-02-02,1
Mary,Sue,2022-02-03,3
Amy,Smith,2022-02-04,1
Jane,Doe,2022-02-04,1
John,Doe,2022-02-05,1
Bob,Doe,2022-02-05,1
Jane,Doe,2022-02-05,1
Elaine,Smith,2022-02-05,1
Elaine,Smith,2022-02-06,1
Elaine,Smith,2022-02-07,1
Amy,Smith,2022-02-07,1
Jane,Doe,2022-02-07,1
John,Doe,2022-02-07,2
Jane,Doe,2022-02-08,1
Bob,Doe,2022-02-08,1
Bill,Davis,2022-02-08,1
John,Doe,2022-02-09,1
Jane,Doe,2022-02-09,1
